{
  "timestamp": "2026-06-23T02:40:14Z",
  "host": "m5p.lan",
  "os": "Darwin",
  "arch": "arm64",
  "zsh_version": "5.9",
  "hyperfine_version": "1.20.0",
  "command": "zsh -i -c exit",
  "results": {
    "warm": {
      "command": "warm",
      "mean": 0.1123589509285714,
      "stddev": 0.00694477227087773,
      "median": 0.11517310450000001,
      "user": 0.05603128571428571,
      "system": 0.05193082142857143,
      "min": 0.10097225,
      "max": 0.121364417,
      "times": [
        0.105686792,
        0.10352900000000001,
        0.10097225,
        0.11651950000000001,
        0.11858925000000001,
        0.118515958,
        0.120032916,
        0.121364417,
        0.11520812500000001,
        0.106920209,
        0.11122025,
        0.121028333,
        0.115782833,
        0.101235167,
        0.102395333,
        0.102667875,
        0.10924758300000001,
        0.11774416700000001,
        0.11957316700000001,
        0.121316292,
        0.107150542,
        0.102218,
        0.114808083,
        0.11603808400000001,
        0.115492458,
        0.11699883300000001,
        0.115138084,
        0.10865712500000001
      ],
      "memory_usage_byte": [
        29753344,
        29753344,
        29753344,
        29753344,
        29835264,
        30130176,
        30130176,
        30130176,
        30130176,
        30130176,
        30130176,
        30130176,
        30130176,
        30130176,
        30130176,
        30130176,
        30130176,
        30130176,
        30130176,
        30130176,
        30130176,
        30130176,
        30179328,
        30179328,
        30179328,
        30179328,
        30179328,
        30179328
      ],
      "exit_codes": [
        0,
        0,
        0,
        0,
        0,
        0,
        0,
        0,
        0,
        0,
        0,
        0,
        0,
        0,
        0,
        0,
        0,
        0,
        0,
        0,
        0,
        0,
        0,
        0,
        0,
        0,
        0,
        0
      ]
    },
    "cold": {
      "command": "cold",
      "mean": 0.17322788355,
      "stddev": 0.011514549346421961,
      "median": 0.1682789795,
      "user": 0.08077155,
      "system": 0.0818517,
      "min": 0.16018025,
      "max": 0.195600917,
      "times": [
        0.18461495800000002,
        0.190324917,
        0.195600917,
        0.16687320900000002,
        0.18608495900000002,
        0.17905283300000002,
        0.176966375,
        0.168373125,
        0.168184834,
        0.193581417,
        0.17436375,
        0.167537917,
        0.16038650000000002,
        0.16018025,
        0.16258750000000002,
        0.164708834,
        0.176047959,
        0.164815167,
        0.162551375,
        0.16172087500000001
      ],
      "memory_usage_byte": [
        29720576,
        29802496,
        29802496,
        29802496,
        29802496,
        29802496,
        29802496,
        29802496,
        29802496,
        29802496,
        29802496,
        29802496,
        29802496,
        29802496,
        29802496,
        29802496,
        29802496,
        29802496,
        29802496,
        29802496
      ],
      "exit_codes": [
        0,
        0,
        0,
        0,
        0,
        0,
        0,
        0,
        0,
        0,
        0,
        0,
        0,
        0,
        0,
        0,
        0,
        0,
        0,
        0
      ]
    }
  }
}
